Names,Players,Year ,Month,Day
SC Ganguly,Batter,1972,july,8
BB McCullum,Batter,1981,September,27
RT Ponting,Batter,1974,Decenber,19
DJ Hussey,Batter,1977,July,15
Mohammad Hafeez,Batter,1980,October,17
R Dravid,Batter,1973,January,11
W Jaffer,Batter,1978,February,16
V Kohli,Batter,1988,November,5
JH Kallis,All_Rounder,1975,October,16
CL White,Batter,1983,August,18
MV Boucher,Batter,1976,December,3
B Akhil,All_Rounder,1977,October,7
AA Noffke,Bowler,1977,April,30
P Kumar,Bowler,1986,October,2
Z Khan,Bowler,1978,October,8
SB Joshi,All_Rounder,1970,June,6
PA Patel,Batter,1985,March,9
ML Hayden,Batter,1971,October,29
MEK Hussey,Batter,1975,May,27
MS Dhoni,Batter,1981,july,7
SK Raina,All_Rounder,1986,November,27
JDP Oram,All_Rounder,1978,July,28
S Badrinath,Batter,1980,August,30
K Goel,Batter,1986,December,24
JR Hopes,Bowler,1978,October,24
KC Sangakkara,Batter,1977,October,27
Yuvraj Singh,All_Rounder,1981,December,12
SM Katich,Batter,1975,August,21
IK Pathan,All_Rounder,1984,October,27
T Kohli,All_Rounder,1988,December,17
YK Pathan,All_Rounder,1982,November,17
SR Watson,All_Rounder,1981,June,17
M Kaif,Batter,1980,December,1
DS Lehmann,Batter,1970,February,5
RA Jadeja,All_Rounder,1988,December,6
M Rawat,Batter,1985,October,25
D Salunkhe,All_Rounder,1982,November,12
SK Warne,Bowler,1969,September,13
SK Trivedi,Batter,1982,September,4
G Gambhir,Batter,1981,October,14
V Sehwag,Batter,1978,October,20
S Dhawan,Batter,1985,December,5
AC Gilchrist,Batter,1971,November,14
Y Venugopal Rao,All_Rounder,1982,February,26
VVS Laxman,Batter,1974,November,1
A Symonds,All_Rounder,1975,June,9
RG Sharma,Batter,1987,April,30
SB Styris,All_Rounder,1985,July,10
AS Yadav,Bowler,1990,September,14
SB Bangar,All_Rounder,1972,October,11
WPUJC Vaas,Bowler,1974,January,27
RP Singh,Bowler,1985,December,6
WP Saha,Batter,1984,October,24
LR Shukla,All_Rounder,1981,May,6
L Ronchi,Batter,1981,April,23
ST Jayasuriya,All_Rounder,1969,June,30
DJ Thornely,Batter,1978,October,1
RV Uthappa,All_Rounder,1985,November,11
PR Shah,Batter,1987,November,3
AM Nayar,All_Rounder,1983,October,8
SM Pollock,All_Rounder,1973,July,16
Harbhajan Singh,Bowler,1980,July,3
S Chanderpaul,Batter,1974,August,16
LRPL Taylor,Batter,1984,March,8
DPMD Jayawardene,Batter,1977,May,27
S Sohal,Batter,1987,November,10
B Lee,Bowler,1976,November,8
PP Chawla,Bowler,1988,December,24
WA Mota,All_Rounder,1981,September,20
Kamran Akmal,Batter,1982,January,13
Shahid Afridi,All_Rounder,1977,March,1
DJ Bravo,All_Rounder,1983,October,7
MA Khote,Bowler,1980,April,22
A Nehra,Bowler,1979,April,29
GC Smith,Batter,1981,February,1
Pankaj Singh,Bowler,1985,May,6
RR Sarwan,Batter,1980,June,23
S Sreesanth,Bowler,1983,February,6
VRV Singh,Bowler,1984,September,17
SS Tiwary,Batter,1989,December,30
DS Kulkarni,Bowler,1988,December,10
AB Agarkar,Bowler,1977,December,4
M Kartik,Bowler,1976,September,11
I Sharma,Bowler,1988,September,2
R Vinay Kumar,Batter,1984,February,12
AM Rahane,Batter,1988,June,6
Shoaib Malik,All_Rounder,1982,February,1
MK Tiwary,Batter,1985,November,14
KD Karthik,Batter,1985,June,1
R Bhatia,All_Rounder,1988,November,24
MF Maharoof,All_Rounder,1984,September,7
VY Mahesh,Bowler,1987,December,21
TM Srivastava,Batter,1989,November,7
B Chipli,Batter,1983,January,27
DW Steyn,Bowler,1983,June,27
DB Das,Batter,1986,September,22
MK Pandey,Batter,1989,September,10
SA Asnodkar,Batter,1984,March,29
Sohail Tanvir,Bowler,1984,December,12
Salman Butt,Batter,1984,October,7
BJ Hodge,Batter,1974,December,29
Umar Gul,Bowler,1982,October,15
AB Dinda,Bowler,1984,March,25
HH Gibbs,Batter,1974,February,23
DNT Zoysa,Bowler,1978,May,13
D Kalyankrishna,Batter,1983,December,16
SE Marsh,Batter,1983,July,9
SP Fleming,Batter,1973,April,1
S Vidyut,Batter,1981,December,3
JA Morkel,All_Rounder,1981,June,10
AB de Villiers,Batter,1984,February,17
Misbah-ul-Haq,Batter,1974,May,28
Joginder Sharma,Bowler,1983,October,23
MS Gony,All_Rounder,1984,January,4
M Muralitharan,Bowler,1972,April,17
M Ntini,Bowler,1977,July,6
YV Takawale,Batter,1984,November,5
RR Raje,Bowler,1986,September,3
PJ Sangwan,Bowler,1990,November,5
Mohammad Asif,Bowler,1982,December,20
GD McGrath,Bowler,1970,February,9
DT Patil,Batter,1984,December,6
A Kumble,Bowler,1970,October,17
S Anirudha,Batter,1987,April,14
MM Patel,Bowler,1983,July,12
CK Kapugedera,Batter,1987,February,24
A Chopra,Batter,1977,September,19
T Taibu,All_Rounder,1983,May,14
J Arunkumar,Batter,1975,January,18
DB Ravi Teja,Batter,1987,September,5
PP Ojha,Bowler,1986,September,5
U Kaul,Batter,1987,December,2
TM Dilshan,All_Rounder,1976,October,14
A Mishra,Bowler,1982,November,24
AD Mascarenhas,All_Rounder,1977,October,30
Niraj Patel,Batter,1981,March,26
LA Pomersbach,Batter,1984,September,28
Iqbal Abdulla,Bowler,1989,December,2
SR Tendulkar,Batter,1973,April,24
PM Sarvesh Kumar,Bowler,1989,April,26
DP Vijaykumar,Bowler,1986,October,20
Shoaib Akhtar,Bowler,1975,August,13
Abdur Razzak,Batter,1982,June,15
LPC Silva,Batter,1979,December,14
H Das,Batter,1986,August,2
SP Goswami,Batter,1989,May,18
DR Smith,All_Rounder,1983,April,12
SD Chitnis,All_Rounder,1987,May,6
CRD Fernando,Bowler,1979,July,9
VS Yeligati,Bowler,1985,April,23
L Balaji,Bowler,1987,September,27
A Mukund,Batter,1990,January,6
Younis Khan,Batter,1977,November,29
RR Powar,Bowler,1978,May,20
JD Ryder,All_Rounder,1984,August,6
KP Pietersen,Batter,1980,June,27
T Henderson,Bowler,1974,August,1
Kamran Khan,Bowler,1991,March,10
JP Duminy,Batter,1984,April,14
A Flintoff,All_Rounder,1977,December,6
T Thushara,All_Rounder,1981,March,1
RS Bopara,All_Rounder,1985,May,4
CH Gayle,Batter,1979,September,21
MC Henriques,All_Rounder,1987,February,1
R Bishnoi,Bowler,2000,September,5
FH Edwards,Bowler,1982,February,6
KV Sharma,All_Rounder,1987,October,23
PC Valthaty,Batter,1983,December,7
RJ Quiney,Batter,1982,August,20
AS Raut,Batter,1989,October,14
Yashpal Singh,Batter,1981,November,27
M Manhas,All_Rounder,1979,October,12
AA Bilakhia,Batter,1986,May,31
AN Ghosh,Batter,1986,October,19
BAW Mendis,All_Rounder,1985,March,11
DL Vettori,All_Rounder,1979,January,27
MN van Wyk,Batter,1979,March,20
RE van der Merwe,All_Rounder,1984,December,31
TL Suman,Batter,1983,December,15
Shoaib Ahmed,All_Rounder,1981,February,10
GR Napier,All_Rounder,1980,January,6
KP Appanna,Bowler,1988,December,20
M Vijay,Batter,1984,April,1
SB Jakati,Bowler,1980,November,27
DA Warner,Batter,1986,October,27
LA Carseldine,All_Rounder,1975,November,17
NV Ojha,Batter,1983,July,20
SM Harwood,Bowler,1974,March,1
RJ Harris,Bowler,1979,October,11
D du Preez,Bowler,1981,November,8
M Morkel,All_Rounder,1984,October,6
AD Mathews,All_Rounder,1987,June,2
J Botha,All_Rounder,1982,May,2
C Nanda,Bowler,1979,March,29
SL Malinga,Bowler,1983,August,28
Mashrafe Mortaza,Bowler,1983,October,5
A Singh,Bowler,1999,February,5
GJ Bailey,Batter,1982,September,7
AB McDonald,All_Rounder,1981,June,5
Y Nagar,All_Rounder,1990,January,6
SS Shaikh,All_Rounder,1987,January,18
R Ashwin,All_Rounder,1986,September,17
Mohammad Ashraful,Batter,1984,July,7
CA Pujara,Batter,1988,January,25
OA Shah,Batter,1978,October,22
Anirudh Singh,Batter,1980,August,2
Jaskaran Singh,Bowler,1989,September,4
MS Bisla,Batter,1984,December,27
YA Abdulla,Batter,1983,January,17
AP Tare,Batter,1987,November,7
AT Rayudu,Batter,1985,September,23
R Sathish,All_Rounder,1981,January,14
R McLaren,All_Rounder,1871,December,1
AA Jhunjhunwala,All_Rounder,1982,December,1
P Dogra,Batter,1984,November,19
A Uniyal,All_Rounder,1981,November,21
JM Kemp,All_Rounder,1977,October,2
S Tyagi,Bowler,1987,September,17
EJG Morgan,Batter,1986,September,10
RS Gavaskar,Batter,1976,February,20
SE Bond,Bowler,1975,June,7
KA Pollard,All_Rounder,1987,May,12
S Ladda,Bowler,1986,July,10
DP Nannes,Bowler,1976,May,16
MJ Lumb,Batter,1980,February,12
DR Martyn,Batter,1971,October,21
S Narwal,Bowler,1982,April,16
AB Barath,Batter,1990,April,14
Bipul Sharma,All_Rounder,1983,September,28
FY Fazal,Batter,1985,September,7
AC Voges,Batter,1979,October,4
MD Mishra,Batter,1984,February,9
UT Yadav,Bowler,1987,May ,25
J Theron,Bowler,1985,July,24
SJ Srivastava,Bowler,1981,September,22
KM Jadhav,All_Rounder,1985,March,26
R Sharma,Batter,1987,April,30
Mandeep Singh,All_Rounder,1991,December,18
SW Tait,Bowler,1983,February,22
KB Arun Karthik,Batter,1986,February,15
KAJ Roach,Bowler,1988,June,30
PD Collingwood,All_Rounder,1976,May ,26
CK Langeveldt,Bowler,1974,December,17
VS Malik,Bowler,1999,November,22
A Mithun,Bowler,1989,October,25
AP Dole,Bowler,1987,October,9
AN Ahmed,Bowler,2004,August,13
RS Sodhi,All_Rounder,1980,October,18
S Sriram,Batter,1976,February,21
DE Bollinger,Bowler,1981,July,24
B Sumanth,Batter,1988,May,10
C Madan,Batter,1982,October,15
AG Paunikar,Batter,1988,April,18
MR Marsh,All_Rounder,1991,October,20
AJ Finch,Batter,1986,November,17
STR Binny,All_Rounder,1985,June ,3
Harmeet Singh,Bowler,1992,September,7
IR Jaggi,Batter,1989,January,27
DT Christian,All_Rounder,1983,May,4
RV Gomez,All_Rounder,1985,October,16
MA Agarwal,Batter,1991,February,16
AUK Pathan,Batter,1984,June,17
Sunny Singh,Batter,1986,December,18
NJ Rimmington,Bowler,1982,November,11
UBT Chand,Batter,1993,March,26
DJ Jacobs,Batter,1982,November,4
AL Menaria,All_Rounder,1990,October,29
WD Parnell,Bowler,1989,July,30
JJ van der Wath,Bowler,1978,January,10
R Ninan,All_Rounder,1985,November,19
S Aravind,Bowler,1984,April,8
MS Wade,Batter,1987,December,26
TD Paine,Batter,1984,December,8
SB Wagh,Bowler,1988,October,9
AC Thomas,Bowler,1977,February,9
JEC Franklin,All_Rounder,1980,November,7
Shakib Al Hasan,All_Rounder,1987,March,24
DH Yagnik,Batter,1983,June,27
BJ Haddin,Batter,1977,October,23
S Randiv,All_Rounder,1985,January,30
NLTC Perera,All_Rounder,1989,April,3
NL McCullum,Batter,1981,September,27
JE Taylor,Bowler,1984,June,22
J Syed Mohammad,Bowler,1983,June,3
RN ten Doeschate,All_Rounder,1980,June,30
TR Birt,Batter,1981,December,9
Harpreet Singh,Bowler,1991,August,11
AG Murtaza,Bowler,1990,January,1
M Klinger,Batter,1980,July,4
AC Blizzard,Batter,1984,June,27
I Malhotra,All_Rounder,1984,May,23
L Ablish,Bowler,1982,December,3
CA Ingram,Batter,1985,July,3
S Nadeem,All_Rounder,1989,August,12
CJ Ferguson,All_Rounder,1984,November,21
P Parameswaran,Bowler,1985,May,30
VR Aaron,Bowler,1989,October,29
AA Chavan,All_Rounder,1985,October,28
ND Doshi,Bowler,1978,October,6
B Kumar,Bowler,1990,February,5
Y Gnaneswara Rao,All_Rounder,1958,June,2
S Rana,Batter,1994,February,18
BA Bhatt,Bowler,1990,May,13
F du Plessis,Batter,1984,July,13
RE Levi,Batter,1988,January,14
GJ Maxwell,All_Rounder,1988,October,14
SPD Smith,All_Rounder,1989,June,2
MN Samuels,All_Rounder,1981,February,5
SA Yadav,Batter,1990,September,14
KK Cooper,All_Rounder,1989,February,2
JP Faulkner,All_Rounder,1990,April,29
DJ Harris,Batter,1979,December,31
Ankit Sharma,Bowler,1991,April,20
HV Patel,Bowler,1990,November,23
DAJ Bracewell,Bowler,1990,September,28
SP Narine,All_Rounder,1988,May,26
GB Hogg,All_Rounder,1996,October,10
RR Bhatkal,All_Rounder,1985,September,1
CJ McKay,Bowler,1983,February,22
N Saini,Bowler,1992,November,23
DA Miller,Batter,1989,June,10
Azhar Mahmood,All_Rounder,1975,February,28
P Negi,Bowler,1993,January,6
RJ Peterson,All_Rounder,1979,August,4
KMDN Kulasekara,Bowler,1982,July,22
A Ashish Reddy,All_Rounder,1991,February,24
V Pratap Singh,Bowler,1992,May ,3
BB Samantray,Batter,1988,December,14
MJ Clarke,All_Rounder,1981,April,2
Gurkeerat Singh,Bowler,1990,June,29
PA Reddy,Batter,1991,February,11
AP Majumdar,Batter,1984,April,30
K Upadhyay,Bowler,1986,June,18
P Awana,Bowler,1986,July,19
AD Russell,All_Rounder,1988,April,29
A Chandila,All_Rounder,1983,December,5
CA Lynn,Batter,1990,April,10
Sunny Gupta,All_Rounder,1988,September,27
MC Juneja,Batter,1990,September,12
KK Nair,Batter,1991,December,6
GH Vihari,All_Rounder,1993,October,13
MDKJ Perera,Batter,1990,August,17
R Shukla,Bowler,1990,August,28
B Laughlin,Bowler,1982,October,3
AS Rajpoot,Bowler,1993,December,4
JD Unadkat,Bowler,1991,October,18
M Vohra,Batter,1993,July,18
Mohammed Shami,Bowler,1990,September,3
BMAJ Mendis,All_Rounder,1985,March,11
R Rampaul,All_Rounder,1984,October,15
CH Morris,All_Rounder,1987,April,30
SV Samson,Batter,1984,November,11
SMSM Senanayake,Bowler,1985,February,9
BJ Rohrer,Batter,1981,March ,26
KL Rahul,Batter,1992,April,18
Q de Kock,Batter,1992,December,17
R Dhawan,All_Rounder,1990,February,19
MG Johnson,Bowler,1981,November,2
LJ Wright,Batter,1985,March,7
IC Pandey,Bowler,1989,August,15
X Thalaivan Sargunam,Batter,1985,May,15
DJG Sammy,All_Rounder,1983,December,20
KW Richardson,Bowler,1991,February,12
MM Sharma,Bowler,1988,September,18
CM Gautam,Batter,1986,March,8
UA Birla,Batter,1997,July,9
Parvez Rasool,All_Rounder,1989,February,13
Sandeep Sharma,Bowler,1993,May,18
S Kaul,Bowler,1990,May,19
Sachin Baby,Batter,1988,December,18
PV Tambe,Bowler,1971,October,8
NM Coulter-Nile,All_Rounder,1987,October,11
CJ Anderson,Batter,1982,July,30
NJ Maddinson,Batter,1991,December,21
AR Patel,Bowler,1994,January,20
JDS Neesham,Batter,1990,September,17
JJ Bumrah,Bowler,1993,December,6
TG Southee,Bowler,1988,December,11
MA Starc,Bowler,1990,January,30
BR Dunk,Batter,1987,Mar,11
RR Rossouw,Batter,1989,October,9
Shivam Sharma,All_Rounder,1993,September,9
YS Chahal,Bowler,1990,July,23
LMP Simmons,Batter,1985,January,25
VH Zol,Batter,1994,November,23
BCJ Cutting,All_Rounder,1987,January,30
Imran Tahir,Bowler,1979,Mar,27
BE Hendricks,All_Rounder,1989,August,15
S Gopal,All_Rounder,1993,September,4
M de Lange,Bowler,1990,October,13
R Tewatia,Batter,1993,May,20
JO Holder,All_Rounder,1991,November,5
Karanveer Singh,Bowler,1987,November,8
Anureet Singh,Bowler,1988,March,2
HH Pandya,All_Rounder,1993,October,11
D Wiese,All_Rounder,1985,May,18
SS Iyer,Batter,1994,December,6
DJ Hooda,Batter,1995,April,19
SN Khan,Batter,1997,October,22
MJ McClenaghan,Bowler,1986,June,11
SA Abbott,All_Rounder,1987,June,18
KS Williamson,Batter,1990,August,8
J Suchith,Bowler,1994,January,16
DJ Muthuswami,All_Rounder,1981,March,9
PJ Cummins,All_Rounder,1993,May,8
RG More,Bowler,1992,February,2
SN Thakur,Bowler,1991,October,16
JC Buttler,Batter,1990,September,8
CR Brathwaite,All_Rounder,1988,July,18
MP Stoinis,All_Rounder,1989,August,16
Ishan Kishan,Batter,1998,July,18
C Munro,Batter,1987,March,11
P Sahu,Batter,1985,August,21
KH Pandya,All_Rounder,1991,March,24
AD Nath,Batter,1993,May,10
MJ Guptill,Batter,1986,September,30
KJ Abbott,Bowler,1987,June,18
TM Head,Batter,1993,December,29
M Ashwin,Bowler,1990,September,8
NS Naik,Batter,1994,November,9
RR Pant,Batter,1997,October,4
SW Billings,Batter,1991,June,5
KC Cariappa,Bowler,1994,April,13
PSP Handscomb,Batter,1991,April,26
Swapnil Singh,Bowler,1991,January,22
J Yadav,Bowler,1990,January,22
UT Khawaja,Batter,1986,December,18
HM Amla,Batter,1983,March,31
F Behardien,All_Rounder,1983,October,9
BB Sran,Bowler,1992,December,10
A Zampa,Bowler,1992,March,31
N Rana,Batter,1993,December,27
S Kaushik,Bowler,1995,September,7
ER Dwivedi,Batter,1988,July,22
CJ Jordan,Bowler,1988,October,4
TS Mills,Bowler,1992,August,12
A Choudhary,Bowler,1996,July,6
BA Stokes,All_Rounder,1991,June,4
JJ Roy,Batter,1990,July,21
Vishnu Vinod,Batter,1993,December,2
Basil Thampi,Bowler,1993,September,11
CR Woakes,All_Rounder,1989,March,2
RA Tripathi,Batter,1991,March,2
DL Chahar,Bowler,1992,August,7
V Shankar,All_Rounder,1991,January,26
Rashid Khan,Bowler,1998,September,20
RD Chahar,Bowler,1999,August,4
LH Ferguson,All_Rounder,1991,June,13
C de Grandhomme,All_Rounder,1986,July,22
AF Milne,Bowler,1992,April,13
S Badree,Bowler,1981,March,8
Mohammad Nabi,All_Rounder,1985,January,1
AJ Tye,Bowler,1986,December,12
K Rabada,Bowler,1995,May,25
Kuldeep Yadav,Bowler,1994,December,14
Washington Sundar,All_Rounder,1995,October,5
DM Bravo,Batter,1989,February,6
AR Bawne,Batter,1992,December,17
SP Jackson,Batter,1986,September,27
Ankit Soni,Bowler,1993,August,2
TA Boult,Bowler,1989,July,22
MM Ali,All_Rounder,1987,June,18
SO Hetmyer,All_Rounder,1996,December,26
S Dube,Batter,1993,June,26
NA Saini,Bowler,1992,November,23
Mohammed Siraj,Bowler,1994,March,13
JM Bairstow,Batter,1989,September,26
Shubman Gill,Batter,1999,September,8
PP Shaw,Batter,1999,November,9
KMA Paul,Bowler,1998,February,21
Rasikh Salam,Bowler,2000,April,5
N Pooran,Batter,1995,October,2
K Gowtham,Bowler,1988,October,20
JC Archer,Bowler,1995,April,1
M Markande,Bowler,1997,November,11
P Ray Barman,Bowler,2002,October,5
SM Curran,All_Rounder,1998,June,3
GC Viljoen,Bowler,1989,March,6
Avesh Khan,Bowler,1996,December,13
S Lamichhane,Bowler,2000,August,2
M Prasidh Krishna,Bowler,1996,February,19
HF Gurney,Bowler,1986,October,5
SD Lad,Batter,1992,May,23
AS Joseph,Bowler,1996,November,20
R Parag,Batter,2001,November,10
MJ Santner,Bowler,1992,February,5
JL Denly,Batter,1986,March,16
LS Livingstone,Batter,1993,August,4
RK Bhui,Batter,1996,September,29
Abhishek Sharma,All_Rounder,2000,September,4
KK Ahmed,Bowler,1997,December,5
Mujeeb Ur Rahman,Bowler,2001,March ,28
AJ Turner,Batter,1993,January,25
E Lewis,Batter,1991,December,27
MA Wood,Bowler,1990,January,11
RK Singh,Batter,1997,October,12
DJM Short,Batter,1990,August,9
TK Curran,All_Rounder,1995,March,12
B Stanlake,Bowler,1994,November,4
A Dananjaya,Bowler,1991,September,6
Shivam Mavi,Bowler,1998,November,26
H Klaasen,Batter,1991,July,30
LE Plunkett,Bowler,1985,April,6
Mustafizur Rahman,Bowler,1995,September,6
AD Hales,Batter,1989,January,3
MK Lomror,All_Rounder,1999,November,16
DR Shorey,Batter,1992,June,15
P Chopra,Batter,1992,October,7
JPR Scantlebury-Searles,Bowler,1986,December,21
IS Sodhi,Bowler,1992,October,31
Harpreet Brar,Bowler,1995,September,16
SE Rutherford,Batter,1998,August,15
Y Prithvi Raj,Bowler,1998,February,20
P Simran Singh,Batter,2000,August,10
M Jansen,Bowler,2000,May,1
RM Patidar,Batter,1993,June,1
Shahbaz Ahmed,All_Rounder,1994,December,11
KA Jamieson,Bowler,1994,December,30
RD Gaikwad,Batter,1997,January,31
Abdul Samad,All_Rounder,2001,December,28
M Shahrukh Khan,Batter,1995,May,27
JA Richardson,All_Rounder,1996,September,20
D Padikkal,Batter,2000,July,2000
Lalit Yadav,All_Rounder,1997,January,3
Virat Singh,Batter,1997,December,8
CV Varun,Bowler,1991,August,29
FA Allen,Bowler,1995,May,7
Arshdeep Singh,Bowler,1999,February,5
KL Nagarkoti,Bowler,1999,December,28
C Sakariya,Bowler,1998,February,28
YBK Jaiswal,Batter,2001,December,28
Ravi Bishnoi,Bowler,2000,September,5
DR Sams,All_Rounder,1992,October,27
DJ Malan,Batter,1987,September,3
Anmolpreet Singh,Batter,1998,Mar,28
KS Bharat,Batter,1993,October,3
PWH de Silva,All_Rounder,1997,July,29
VR Iyer,Batter,1994,December,25
Kartik Tyagi,Bowler,2000,November,8
AK Markram,All_Rounder,1994,October,4
TH David,Batter,1996,March,16
T Shamsi,Bowler,1990,February,18
NT Ellis,Bowler,1994,September,22
PK Garg,Batter,2000,November,30
TL Seifert,Batter,1994,December,14
GD Phillips,Batter,1996,December,6
GHS Garton,Bowler,1997,April,15
RV Patel,Batter,1991,August,4
K Yadav,Bowler,1994,December,14
Anuj Rawat,Batter,1999,October,17
DP Conway,Batter,1991,July,8
Tilak Varma,Batter,2002,November,8
R Powell,All_Rounder,1993,July,23
PBB Rajapaksa,Batter,1991,October,4
RA Bawa,All_Rounder,2002,November,12
OF Smith,Bowler,1989,June,2
A Badoni,Batter,1999,December,3
PVD Chameera,Bowler,1992,January,11
A Manohar,Batter,1994,September,16
R Shepherd,All_Rounder,1994,November,26
DJ Willey,Bowler,1990,February,28
D Pretorius,Bowler,1989,March,29
JM Sharma,Batter,1993,October,22
VG Arora,Bowler,1997,December,14
Mukesh Choudhary,Bowler,1996,July,6
Umran Malik,Bowler,1999,November,22
D Brevis,Batter,2003,April,29
B Sai Sudharsan,Batter,2001,October,15
Ramandeep Singh,Batter,1997,April,13
HE van der Dussen,Batter,1989,February,7
SS Prabhudessai,Batter,1997,December,6
Akash Deep,Bowler,1996,December,15
JR Hazlewood,Bowler,1991,January,8
KR Sen,Bowler,1996,October,22
Aman Hakim Khan,Bowler,1996,November,23
HR Shokeen,Bowler,2000,August,14
Yash Dayal,Bowler,1997,December,13
DJ Mitchell,All_Rounder,1991,May,20
Shashank Singh,Bowler,1991,November,21
B Indrajith,Batter,1994,July,8
Harshit Rana,Bowler,2001,December,22
Mohsin Khan,Bowler,1998,July ,15
Simarjeet Singh,Batter,1998,January,7
M Theekshana,Bowler,2000,August,1
AS Roy,Bowler,1990,July,21
Fazalhaq Farooqi,Bowler,2000,September,22
A Nortje,Bowler,1993,November,16
K Kartikeya,Bowler,1997,December,26
RP Meredith,Bowler,1996,June,21
KS Sharma,All_Rounder,1998,October,31
T Stubbs,Batter,2000,August,14
N Jagadeesan,Batter,1995,December,24
R Sanjay Yadav,Batter,1995,May ,10
A Tomar,Batter,1995,March,14
PN Mankad,Batter,1994,April,23
OC McCoy,Bowler,1997,January,4
